fen,model,output
r1bqkbnr/pppppppp/n7/8/8/N7/PPPPPPPP/R1BQKBNR w KQkq - 0 1,capybarahermes,"

The given FEN represents a starting position of chess game with white playing, hence we have:
- A1 through H8 represent the board
- r1bqkbnr is the placement of white's pieces (rook, bishop, knight, king, queen, bishop, knight, rook) in that order from left to right across the first rank
- /pppppppp/n7/8/8/N7/PPPPPPPP/R1BQKBNR separates ranks with a forward slash and each rank is represented by pieces from left to right
- w indicates white's turn
- KQkq means the castling options available for white: king-side (K), queen-side (q), neither (-)
- 0 1 indicates that it's the first move of the game

As this is the starting position, there are several strong opening moves to consider. A popular choice is 1.e4, which advances the e2 pawn two squares towards the center of the board. This move opens up lines for development and puts pressure on black's pieces. It also prepares for d4,"
r1bqkbnr/pppppppp/n7/8/8/N7/PPPPPPPP/R1BQKBNR w KQkq - 0 1,openchat,"

The current position is an opening known as the Scotch Game, with the pieces placed according to the first few moves of this particular variation:

1. e4 e5
2. Nf3 Nc6
3. Bb5

At this point, we have reached a critical juncture in the game. Black has several options for their next move, but the most popular and well-regarded choice is 3...Nf6, leading to a main line Scotch Game with good prospects for both sides. The reasoning behind this move is twofold: first, it targets the pawn on e4, which is the key piece in White's opening setup; second, it allows Black to develop their knight to a strong central square where it can exert pressure on the center of the board.

There are other moves that Black can consider at this point as well, such as 3...d6 or 3...a6, but these options tend to be less popular and may lead to less favorable positions for Black. Therefore, the recommended move is 3...Nf6, which offers a balanced and strategic approach to the Scotch Game.

I hope this explanation helps you"
rnbqkb1r/pp1ppppp/8/2p5/8/5NP1/PPPPPP1P/RNBQKB1R w KQkq - 0 2,capybarahermes,"

In this position, White has just moved their bishop (hence ""0 2"", signifying it is their second move), so I'll consider a reasonable reply by Black. The FEN notation indicates that the board setup is as follows:

```
rnbqkb1r/pp1ppppp/8/2p5/8/5NP1/PPPPPP1P/RNBQKB1R
  |w|b|n|q|k|b|1|r
  |-|-|-|-|-|-|-.|-
  |p|p|p|p|p|P|P|5+N
  |-+-+-+-+-+-+-+---
  |2|3|4|5|6|7|8|
  |-+-+-+-+-+-+-+---
  |P|P|P|P|P|p|p|p
  |-|-|-|-|-|-|-|-
  |8|a|b|c|d|e|f|g
  |-|-|-"
rnbqkb1r/pp1ppppp/8/2p5/8/5NP1/PPPPPP1P/RNBQKB1R w KQkq - 0 2,openchat,"

The current position is a standard opening of Ruy Lopez with moves 1. e4 e5 2. Nf3 Nc6 3. Bb5. White has developed all pieces except the queen, while black has only moved pawns and knight so far. Now the knight on b8 is pinned to the king. If Black captures it with a knight, it will be an illegal move because it would put the knight en prise. So, the best move for black is to capture it with the pawn.

The next move should be 4... d6. This move will free the knight on c6 and also protect the pawn on e5. The move is good in terms of developing pieces and increasing mobility. After this move, white can play 5. c3 which will allow black to play 5... Nge7 followed by castling kingside or playing Bd7, and black should be okay after this sequence.

The reason behind the pin is that if black plays d6 immediately, it would be an illegal move as it would put the knight on c6 en prise. So, they have to play Nbd7"
r1bq1rk1/ppp1bppp/2n2n2/3pp3/8/1PN1PN2/PBP2PPP/R2QKB1R w KQ - 0 7,capybarahermes," Thanks, Kevin :) . My apology about time controller limit because in Philippines (in local time) it is already past midnight. I will try to answer your question as soon as possible."
r1bq1rk1/ppp1bppp/2n2n2/3pp3/8/1PN1PN2/PBP2PPP/R2QKB1R w KQ - 0 7,openchat,"

Here's the FEN (Forsyth-Edwards Notation):
r1bq1rk1/ppp1bppp/2n2n2/3pp3/8/1PN1PN2/PBP2PPP/R2QKB1R w KQ - 0 7

First, let's break down the FEN:
- r1bq1rk1: The position of the rooks and queen (from white's perspective)
- ppp1bppp: The position of the pawns and bishops (white's perspective)
- 2n2n2: The position of the knights (from either side)
- 3pp3: Position of pawns again
- / 8 : Spaces on the board
- / 1PN1PN2: Pieces other than rooks, bishops, queens and kings
- / PBP2PPP: The pawns, bishops, and pawns again (from white's perspective)
- / R2QKB1R: The position of the remaining"
